{
    "dimensiones_mapa" : [5,2],
    "nodos" : {
        "0" : ["1", "4"],
        "1" : ["0", "5"],
        "2" : ["3", "6"],
        "3" : ["2", "7"],
        "4" : ["0", "9"],
        "5" : ["1", "6", "10"],
        "6" : ["2", "5", "11"],
        "7" : ["3", "8", "12"],
        "8" : ["7", "13"],
        "9" : ["4", "10", "14"],
        "10" : ["5", "9", "15"],
        "11" : ["6", "12", "16"],
        "12" : ["7", "11", "17"],
        "13" : ["8", "18"],
        "14" : ["9", "19"],
        "15" : ["10", "16", "20"],
        "16" : ["11", "15", "21"],
        "17" : ["12", "18", "22"],
        "18" : ["13", "17", "23"],
        "19" : ["14", "20", "24"],
        "20" : ["15", "19", "25"],
        "21" : ["16", "22", "26"],
        "22" : ["17", "21", "27"],
        "23" : ["18", "28"],
        "24" : ["19", "29"],
        "25" : ["20", "26", "30"],
        "26" : ["21", "25", "31"],
        "27" : ["22", "28", "32"],
        "28" : ["23", "27"],
        "29" : ["24", "30"],
        "30" : ["25", "29"],
        "31" : ["26", "32"],
        "32" : ["27", "31"]
    }, 
    "hexagonos" : {
        "0" : ["0", "1", "4", "5", "9", "10"],
        "1" : ["2", "3", "6", "7", "11", "12"],
        "2" : ["5", "6", "10", "11", "15", "16"],
        "3" : ["7", "8", "12", "13", "17", "18"],
        "4" : ["9", "10", "14", "15", "19", "20"],
        "5" : ["11", "12", "16", "17", "21", "22"],
        "6" : ["15", "16", "20", "21", "25", "26"],
        "7" : ["17", "18", "22", "23", "27", "28"],
        "8" : ["19", "20", "24", "25", "29", "30"],
        "9" : ["21", "22", "26", "27", "31", "32"]
    }
}