{
    "CANTIDAD_JUGADORES_PARTIDA" : 2,
    "PATH_SALA_DE_ESPERA" : "sala_de_espera.ui",
    "PATH_SALA_JUEGO" : "sala_de_juego.ui",
    "PATH_SALA_FINAL" : "sala_final.ui",
    "PATH_ARCILLA_GRILLA" : "sprites/Materias_primas/hexagono_arcilla.png",
    "PATH_ARCILLA_TRIGO" : "sprites/Materias_primas/hexagono_trigo.png",
    "PATH_ARCILLA_MADERA" : "sprites/Materias_primas/hexagono_madera.png",
    "PATH_CONST_CAMINO_ROJO_0" : "sprites/Construcciones/camino_rojo_0",
    "PATH_CONST_CAMINO_AZUL_0" : "sprites/Construcciones/camino_azul_0",
    "PATH_CONST_CAMINO_VIOLETA_0" : "sprites/Construcciones/camino_violeta_0",
    "PATH_CONST_CAMINO_VERDE_0" : "sprites/Construcciones/camino_verde_0",
    "PATH_CONST_CAMINO_ROJO_60" : "sprites/Construcciones/camino_rojo_60",
    "PATH_CONST_CAMINO_AZUL_60" : "sprites/Construcciones/camino_azul_60",
    "PATH_CONST_CAMINO_VIOLETA_60" : "sprites/Construcciones/camino_violeta_60",
    "PATH_CONST_CAMINO_VERDE_60" : "sprites/Construcciones/camino_verde_60",
    "PATH_CONST_CAMINO_ROJO_120" : "sprites/Construcciones/camino_rojo_120",
    "PATH_CONST_CAMINO_AZUL_120" : "sprites/Construcciones/camino_azul_120",
    "PATH_CONST_CAMINO_VIOLETA_120" : "sprites/Construcciones/camino_violeta_120",
    "PATH_CONST_CAMINO_VERDE_120" : "sprites/Construcciones/camino_verde_120",
    "PATH_CHOZA_ROJO" : "sprites/Construcciones/choza_roja",
    "PATH_CHOZA_AZUL" : "sprites/Construcciones/choza_azul",
    "PATH_CHOZA_VIOLETA" : "sprites/Construcciones/choza_violeta",
    "PATH_CHOZA_VERDE" : "sprites/Construcciones/choza_verde",
    "BACKGROUND_COLOR" : "background-color: rgb(0, 170, 255)"
}
